id,name,gender,job,birthdate,idCard,address,salary,release_time,department_id
1,eva,女,开发工程师,1949-5-10,idcard1,add1,10001,,1
2,tyler,男,实施工程师,1949-5-11,idcard2,add2,10002,,2
3,huting,男,销售经理,1949-5-12,idcard3,add3,10003,,3
4,Sophia,女,hr,1949-5-13,idcard4,add4,10004,,4
5,name_test5,女,开发工程师,1949-5-14,idcard5,add5,10005,,1
6,name_test6,男,实施工程师,1949-5-15,idcard6,add6,10006,,2
7,name_test7,男,销售经理,1949-5-16,idcard7,add7,10007,,3
8,name_test8,女,hr,1949-5-17,idcard8,add8,10008,,4
9,name_test9,女,开发工程师,1949-5-18,idcard9,add9,10009,,1
10,name_test10,男,实施工程师,1949-5-19,idcard10,add10,10010,,2
11,name_test11,男,销售经理,1949-5-20,idcard11,add11,10011,,3
12,name_test12,女,hr,1949-5-21,idcard12,add12,10012,,4
13,name_test13,女,开发工程师,1949-5-22,idcard13,add13,10013,,1
14,name_test14,男,实施工程师,1949-5-23,idcard14,add14,10014,,2
15,name_test15,男,销售经理,1949-5-24,idcard15,add15,10015,,3
16,name_test16,女,hr,1949-5-25,idcard16,add16,10016,,4
17,name_test17,女,开发工程师,1949-5-26,idcard17,add17,10017,,1
18,name_test18,男,实施工程师,1949-5-27,idcard18,add18,10018,,2
19,name_test19,男,销售经理,1949-5-28,idcard19,add19,10019,,3
20,name_test20,女,hr,1949-5-29,idcard20,add20,10020,,4
21,name_test21,女,开发工程师,1949-5-30,idcard21,add21,10021,,1
22,name_test22,男,实施工程师,1949-5-31,idcard22,add22,10022,,2
23,name_test23,男,销售经理,1949-6-1,idcard23,add23,10023,,3
24,name_test24,女,hr,1949-6-2,idcard24,add24,10024,,4
25,name_test25,女,开发工程师,1949-6-3,idcard25,add25,10025,,1
26,name_test26,男,实施工程师,1949-6-4,idcard26,add26,10026,,2
27,name_test27,男,销售经理,1949-6-5,idcard27,add27,10027,,3
28,name_test28,女,hr,1949-6-6,idcard28,add28,10028,,4
29,name_test29,女,开发工程师,1949-6-7,idcard29,add29,10029,,1
30,name_test30,男,实施工程师,1949-6-8,idcard30,add30,10030,,2
31,name_test31,男,销售经理,1949-6-9,idcard31,add31,10031,,3
32,name_test32,女,hr,1949-6-10,idcard32,add32,10032,,4
33,name_test33,女,开发工程师,1949-6-11,idcard33,add33,10033,,1
34,name_test34,男,实施工程师,1949-6-12,idcard34,add34,10034,,2
35,name_test35,男,销售经理,1949-6-13,idcard35,add35,10035,,3
36,name_test36,女,hr,1949-6-14,idcard36,add36,10036,,4
37,name_test37,女,开发工程师,1949-6-15,idcard37,add37,10037,,1
38,name_test38,男,实施工程师,1949-6-16,idcard38,add38,10038,,2
39,name_test39,男,销售经理,1949-6-17,idcard39,add39,10039,,3
40,name_test40,女,hr,1949-6-18,idcard40,add40,10040,,4
41,name_test41,女,开发工程师,1949-6-19,idcard41,add41,10041,,1
42,name_test42,男,实施工程师,1949-6-20,idcard42,add42,10042,,2
43,name_test43,男,销售经理,1949-6-21,idcard43,add43,10043,,3
44,name_test44,女,hr,1949-6-22,idcard44,add44,10044,,4
45,name_test45,女,开发工程师,1949-6-23,idcard45,add45,10045,,1
46,name_test46,男,实施工程师,1949-6-24,idcard46,add46,10046,,2
47,name_test47,男,销售经理,1949-6-25,idcard47,add47,10047,,3
48,name_test48,女,hr,1949-6-26,idcard48,add48,10048,,4
49,name_test49,女,开发工程师,1949-6-27,idcard49,add49,10049,,1
50,name_test50,男,实施工程师,1949-6-28,idcard50,add50,10050,,2
51,name_test51,男,销售经理,1949-6-29,idcard51,add51,10051,,3
52,name_test52,女,hr,1949-6-30,idcard52,add52,10052,,4
53,name_test53,女,开发工程师,1959-7-1,idcard53,add53,10053,,1
54,name_test54,男,实施工程师,1959-7-2,idcard54,add54,10054,,2
55,name_test55,男,销售经理,1959-7-3,idcard55,add55,10055,,3
56,name_test56,女,hr,1959-7-4,idcard56,add56,10056,,4
57,name_test57,女,开发工程师,1959-7-5,idcard57,add57,10057,,1
58,name_test58,男,实施工程师,1959-7-6,idcard58,add58,10058,,2
59,name_test59,男,销售经理,1959-7-7,idcard59,add59,10059,,3
60,name_test60,女,hr,1959-7-8,idcard60,add60,10060,,4
61,name_test61,女,开发工程师,1959-7-9,idcard61,add61,10061,,1
62,name_test62,男,实施工程师,1959-7-10,idcard62,add62,10062,,2
63,name_test63,男,销售经理,1959-7-11,idcard63,add63,10063,,3
64,name_test64,女,hr,1959-7-12,idcard64,add64,10064,,4
65,name_test65,女,开发工程师,1959-7-13,idcard65,add65,10065,,1
66,name_test66,男,实施工程师,1959-7-14,idcard66,add66,10066,,2
67,name_test67,男,销售经理,1959-7-15,idcard67,add67,10067,,3
68,name_test68,女,hr,1959-7-16,idcard68,add68,10068,,4
69,name_test69,女,开发工程师,1959-7-17,idcard69,add69,10069,,1
70,name_test70,男,实施工程师,1959-7-18,idcard70,add70,10070,,2
71,name_test71,男,销售经理,1959-7-19,idcard71,add71,10071,,3
72,name_test72,女,hr,1959-7-20,idcard72,add72,10072,,4
73,name_test73,女,开发工程师,1959-7-21,idcard73,add73,10073,,2
74,name_test74,男,实施工程师,1959-7-22,idcard74,add74,10074,,3
75,name_test75,男,销售经理,1959-7-23,idcard75,add75,10075,,4
76,name_test76,女,hr,1959-7-24,idcard76,add76,10076,,1
77,name_test77,女,开发工程师,1959-7-25,idcard77,add77,10077,,2
78,name_test78,男,实施工程师,1959-7-26,idcard78,add78,10078,,3
79,name_test79,男,销售经理,1959-7-27,idcard79,add79,10079,,4
80,name_test80,女,hr,1959-7-28,idcard80,add80,10080,,1
81,name_test81,女,开发工程师,1959-7-29,idcard81,add81,10081,,2
82,name_test82,男,实施工程师,1959-7-30,idcard82,add82,10082,,3
83,name_test83,男,销售经理,1959-7-31,idcard83,add83,10083,,4
84,name_test84,女,hr,1959-8-1,idcard84,add84,10084,,1
85,name_test85,女,开发工程师,1959-8-2,idcard85,add85,10085,,2
86,name_test86,男,实施工程师,1959-8-3,idcard86,add86,10086,,3
87,name_test87,男,销售经理,1959-8-4,idcard87,add87,10087,,4
88,name_test88,女,hr,1959-8-5,idcard88,add88,10088,,1
89,name_test89,女,开发工程师,1959-8-6,idcard89,add89,10089,,2
90,name_test90,男,实施工程师,1959-8-7,idcard90,add90,10090,,3
91,name_test91,男,销售经理,1959-8-8,idcard91,add91,10091,,4
92,name_test92,女,hr,1959-8-9,idcard92,add92,10092,,1
93,name_test93,女,开发工程师,1959-8-10,idcard93,add93,10093,,2
94,name_test94,男,实施工程师,1959-8-11,idcard94,add94,10094,,3
95,name_test95,男,销售经理,1959-8-12,idcard95,add95,10095,,4
96,name_test96,女,hr,1959-8-13,idcard96,add96,10096,,1
97,name_test97,女,开发工程师,1959-8-14,idcard97,add97,10097,,2
98,name_test98,男,实施工程师,1959-8-15,idcard98,add98,10098,,3
99,name_test99,男,销售经理,1959-8-16,idcard99,add99,10099,,4
100,name_test100,女,hr,1959-8-17,idcard100,add100,10100,,1
101,name_test101,女,开发工程师,1959-8-18,idcard101,add101,10101,,2
102,name_test102,男,实施工程师,1959-8-19,idcard102,add102,10102,,3
103,name_test103,男,销售经理,1959-8-20,idcard103,add103,10103,,4
104,name_test104,女,hr,1959-8-21,idcard104,add104,10104,,1
105,name_test105,女,开发工程师,1959-8-22,idcard105,add105,10105,,2
106,name_test106,男,实施工程师,1959-8-23,idcard106,add106,10106,,3
107,name_test107,男,销售经理,1959-8-24,idcard107,add107,10107,,4
108,name_test108,女,hr,1959-8-25,idcard108,add108,10108,,1
109,name_test109,女,实施工程师,1959-8-26,idcard109,add109,10109,,2
110,name_test110,男,销售经理,1959-8-27,idcard110,add110,10110,,3
111,name_test111,男,hr,1959-8-28,idcard111,add111,10111,,4
112,name_test112,女,开发工程师,1959-8-29,idcard112,add112,10112,,1
113,name_test113,女,实施工程师,1959-8-30,idcard113,add113,10113,,2
114,name_test114,男,销售经理,1959-8-31,idcard114,add114,10114,,3
115,name_test115,男,hr,1959-9-1,idcard115,add115,10115,,4
116,name_test116,女,开发工程师,1959-9-2,idcard116,add116,10116,,1
117,name_test117,女,实施工程师,1959-9-3,idcard117,add117,10117,,2
118,name_test118,男,销售经理,1959-9-4,idcard118,add118,10118,,3
119,name_test119,男,hr,1959-9-5,idcard119,add119,10119,,4
120,name_test120,女,开发工程师,1959-9-6,idcard120,add120,10120,,1
121,name_test121,女,实施工程师,1959-9-7,idcard121,add121,10121,,2
122,name_test122,女,销售经理,1959-9-8,idcard122,add122,10122,,3
123,name_test123,男,hr,1959-9-9,idcard123,add123,10123,,4
124,name_test124,男,开发工程师,1959-9-10,idcard124,add124,10124,,1
125,name_test125,女,实施工程师,1959-9-11,idcard125,add125,10125,,2
126,name_test126,女,销售经理,1959-9-12,idcard126,add126,10126,,3
127,name_test127,男,hr,1959-9-13,idcard127,add127,10127,,4
128,name_test128,男,开发工程师,1959-9-14,idcard128,add128,10128,,1
129,name_test129,女,实施工程师,1959-9-15,idcard129,add129,10129,,2
130,name_test130,女,销售经理,1959-9-16,idcard130,add130,10130,,3
131,name_test131,男,hr,1959-9-17,idcard131,add131,10131,,4
132,name_test132,男,开发工程师,1959-9-18,idcard132,add132,10132,,1
133,name_test133,女,实施工程师,1959-9-19,idcard133,add133,10133,,2
134,name_test134,女,销售经理,1959-9-20,idcard134,add134,10134,,3
135,name_test135,男,hr,1959-9-21,idcard135,add135,10135,,4
136,name_test136,男,开发工程师,1959-9-22,idcard136,add136,10136,,1
137,name_test137,女,实施工程师,1959-9-23,idcard137,add137,10137,,2
138,name_test138,女,销售经理,1959-9-24,idcard138,add138,10138,,3
139,name_test139,男,hr,1959-9-25,idcard139,add139,10139,,4
140,name_test140,男,开发工程师,1959-9-26,idcard140,add140,10140,,1
141,name_test141,女,实施工程师,1959-9-27,idcard141,add141,10141,,2
142,name_test142,女,销售经理,1959-9-28,idcard142,add142,10142,,3
143,name_test143,男,hr,1959-9-29,idcard143,add143,10143,,2
144,name_test144,男,开发工程师,1959-9-30,idcard144,add144,10144,,3
145,name_test145,女,实施工程师,1959-10-1,idcard145,add145,10145,,4
146,name_test146,女,销售经理,1959-10-2,idcard146,add146,10146,,1
147,name_test147,男,hr,1959-10-3,idcard147,add147,10147,,2
148,name_test148,男,开发工程师,1959-10-4,idcard148,add148,10148,,3
149,name_test149,女,实施工程师,1959-10-5,idcard149,add149,10149,,4
150,name_test150,女,销售经理,1949-10-6,idcard150,add150,10150,,1
151,name_test151,男,hr,1949-10-7,idcard151,add151,10151,,2
152,name_test152,男,开发工程师,1949-10-8,idcard152,add152,10152,,3
153,name_test153,女,实施工程师,1949-10-9,idcard153,add153,10153,,4
154,name_test154,女,销售经理,1949-10-10,idcard154,add154,10154,,1
155,name_test155,男,hr,1949-10-11,idcard155,add155,10155,,2
156,name_test156,男,开发工程师,1949-10-12,idcard156,add156,10156,,3
157,name_test157,女,实施工程师,1949-10-13,idcard157,add157,10157,,4
158,name_test158,女,销售经理,1949-10-14,idcard158,add158,10158,,1
159,name_test159,男,hr,1949-10-15,idcard159,add159,10159,,2
160,name_test160,男,开发工程师,1949-10-16,idcard160,add160,10160,,3
161,name_test161,女,实施工程师,1949-10-17,idcard161,add161,10161,,4
162,name_test162,女,销售经理,1949-10-18,idcard162,add162,10162,,1
163,name_test163,男,hr,1949-10-19,idcard163,add163,10163,,2
164,name_test164,男,开发工程师,1949-10-20,idcard164,add164,10164,,3
165,name_test165,女,实施工程师,1949-10-21,idcard165,add165,10165,,4
166,name_test166,女,销售经理,1949-10-22,idcard166,add166,10166,,1
167,name_test167,男,hr,1949-10-23,idcard167,add167,10167,,2
168,name_test168,男,开发工程师,1949-10-24,idcard168,add168,10168,,3
169,name_test169,女,实施工程师,1949-10-25,idcard169,add169,10169,,4
170,name_test170,女,销售经理,1989-10-26,idcard170,add170,10170,,1
171,name_test171,男,hr,1989-10-27,idcard171,add171,10171,,2
172,name_test172,男,开发工程师,1989-10-28,idcard172,add172,10172,,3
173,name_test173,女,实施工程师,1989-10-29,idcard173,add173,10173,,4
174,name_test174,女,销售经理,1989-10-30,idcard174,add174,10174,,1
175,name_test175,男,hr,1989-10-31,idcard175,add175,10175,,2
176,name_test176,男,开发工程师,1989-11-1,idcard176,add176,10176,,3
177,name_test177,女,实施工程师,1989-11-2,idcard177,add177,10177,,4
178,name_test178,女,销售经理,1989-11-3,idcard178,add178,10178,,1
179,name_test179,男,hr,1989-11-4,idcard179,add179,10179,,2
180,name_test180,男,开发工程师,1989-11-5,idcard180,add180,10180,,3
181,name_test181,女,实施工程师,1989-11-6,idcard181,add181,10181,,4
182,name_test182,女,销售经理,1989-11-7,idcard182,add182,10182,,1
183,name_test183,男,hr,1989-11-8,idcard183,add183,10183,,2
184,name_test184,男,开发工程师,1989-11-9,idcard184,add184,10184,,3
185,name_test185,女,实施工程师,1989-11-10,idcard185,add185,10185,,4
186,name_test186,女,销售经理,1989-11-11,idcard186,add186,10186,,1
187,name_test187,男,hr,1989-11-12,idcard187,add187,10187,,2
188,name_test188,男,开发工程师,1989-11-13,idcard188,add188,10188,,3
189,name_test189,女,实施工程师,1989-11-14,idcard189,add189,10189,,4
190,name_test190,女,销售经理,1989-11-15,idcard190,add190,10190,,1
191,name_test191,男,hr,1989-11-16,idcard191,add191,10191,,2
192,name_test192,男,开发工程师,1989-11-17,idcard192,add192,10192,,3
193,name_test193,女,实施工程师,1989-11-18,idcard193,add193,10193,,4
194,name_test194,女,销售经理,1989-11-19,idcard194,add194,10194,,1
195,name_test195,男,hr,1989-11-20,idcard195,add195,10195,,2
196,name_test196,男,开发工程师,1989-11-21,idcard196,add196,10196,,3
197,name_test197,女,实施工程师,1989-11-22,idcard197,add197,10197,,4
198,name_test198,女,销售经理,1989-11-23,idcard198,add198,10198,,1
199,name_test199,男,hr,1989-11-24,idcard199,add199,10199,,2
200,name_test200,男,开发工程师,1989-11-25,idcard200,add200,10200,,3
201,name_test201,女,实施工程师,1989-11-26,idcard201,add201,10201,,4
202,name_test202,女,销售经理,1989-11-27,idcard202,add202,10202,,1
203,name_test203,男,hr,1989-11-28,idcard203,add203,10203,,2
204,name_test204,男,开发工程师,1989-11-29,idcard204,add204,10204,,3
205,name_test205,女,实施工程师,1989-11-30,idcard205,add205,10205,,4
206,name_test206,女,销售经理,1989-12-1,idcard206,add206,10206,,1
207,name_test207,男,hr,1989-12-2,idcard207,add207,10207,,2
208,name_test208,男,开发工程师,1989-12-3,idcard208,add208,10208,,3
209,name_test209,女,实施工程师,1989-12-4,idcard209,add209,10209,,4
210,name_test210,女,销售经理,1989-12-5,idcard210,add210,10210,,1
211,name_test211,男,hr,1989-12-6,idcard211,add211,10211,,2
212,name_test212,男,开发工程师,1989-12-7,idcard212,add212,10212,,3
213,name_test213,女,实施工程师,1989-12-8,idcard213,add213,10213,,2
214,name_test214,女,销售经理,1989-12-9,idcard214,add214,10214,,3
215,name_test215,男,hr,1989-12-10,idcard215,add215,10215,,4
216,name_test216,男,实施工程师,1989-12-11,idcard216,add216,10216,,1
217,name_test217,女,销售经理,1989-12-12,idcard217,add217,10217,,2
218,name_test218,女,hr,1989-12-13,idcard218,add218,10218,,3
219,name_test219,男,开发工程师,1989-12-14,idcard219,add219,10219,,4
220,name_test220,男,实施工程师,1989-12-15,idcard220,add220,10220,,1
221,name_test221,女,销售经理,1989-12-16,idcard221,add221,10221,,2
222,name_test222,女,hr,1989-12-17,idcard222,add222,10222,,3
223,name_test223,男,开发工程师,1989-12-18,idcard223,add223,10223,,4
224,name_test224,男,实施工程师,1989-12-19,idcard224,add224,10224,,1
225,name_test225,女,销售经理,1989-12-20,idcard225,add225,10225,,2
226,name_test226,女,hr,1989-12-21,idcard226,add226,10226,,3
227,name_test227,男,开发工程师,1989-12-22,idcard227,add227,10227,,4
228,name_test228,男,实施工程师,1989-12-23,idcard228,add228,10228,,1
229,name_test229,女,销售经理,1989-12-24,idcard229,add229,10229,,2
230,name_test230,女,hr,1949-12-25,idcard230,add230,10230,,3
231,name_test231,男,开发工程师,1995-12-26,idcard231,add231,10231,,4
232,name_test232,男,实施工程师,1995-12-27,idcard232,add232,10232,,1
233,name_test233,女,销售经理,1995-12-28,idcard233,add233,10233,,2
234,name_test234,女,hr,1995-12-29,idcard234,add234,10234,,3
235,name_test235,男,开发工程师,1995-12-30,idcard235,add235,10235,,4
236,name_test236,男,实施工程师,1995-12-31,idcard236,add236,10236,,1
237,name_test237,女,销售经理,1996-1-1,idcard237,add237,10237,,2
238,name_test238,女,hr,1996-1-2,idcard238,add238,10238,,3
239,name_test239,女,开发工程师,1996-1-3,idcard239,add239,10239,,4
240,name_test240,男,实施工程师,1996-1-4,idcard240,add240,10240,,1
241,name_test241,男,销售经理,1996-1-5,idcard241,add241,10241,,2
242,name_test242,女,hr,1996-1-6,idcard242,add242,10242,,3
243,name_test243,女,开发工程师,1996-1-7,idcard243,add243,10243,,4
244,name_test244,男,实施工程师,1996-1-8,idcard244,add244,10244,,1
245,name_test245,男,销售经理,1996-1-9,idcard245,add245,10245,,2
246,name_test246,女,hr,1996-1-10,idcard246,add246,10246,,3
247,name_test247,女,开发工程师,1996-1-11,idcard247,add247,10247,,4
248,name_test248,男,实施工程师,1996-1-12,idcard248,add248,10248,,1
249,name_test249,男,销售经理,1996-1-13,idcard249,add249,10249,,2
250,name_test250,女,hr,1996-1-14,idcard250,add250,10250,,3
251,name_test251,女,开发工程师,1996-1-15,idcard251,add251,10251,,4
252,name_test252,男,实施工程师,1996-1-16,idcard252,add252,10252,,1
253,name_test253,男,销售经理,1996-1-17,idcard253,add253,10253,,2
254,name_test254,女,hr,1996-1-18,idcard254,add254,10254,,3
255,name_test255,女,开发工程师,1996-1-19,idcard255,add255,10255,,4
256,name_test256,男,实施工程师,1996-1-20,idcard256,add256,10256,,1
257,name_test257,男,销售经理,1996-1-21,idcard257,add257,10257,,2
258,name_test258,女,hr,1996-1-22,idcard258,add258,10258,,3
259,name_test259,女,开发工程师,1996-1-23,idcard259,add259,10259,,4
260,name_test260,男,实施工程师,1996-1-24,idcard260,add260,10260,,1
261,name_test261,男,销售经理,1996-1-25,idcard261,add261,10261,,2
262,name_test262,女,hr,1996-1-26,idcard262,add262,10262,,3
263,name_test263,女,开发工程师,1996-1-27,idcard263,add263,10263,,4
264,name_test264,男,实施工程师,1996-1-28,idcard264,add264,10264,,1
265,name_test265,男,销售经理,1996-1-29,idcard265,add265,10265,,2
266,name_test266,女,hr,1996-1-30,idcard266,add266,10266,,3
267,name_test267,女,开发工程师,1996-1-31,idcard267,add267,10267,,4
268,name_test268,男,实施工程师,1996-2-1,idcard268,add268,10268,,1
269,name_test269,男,销售经理,1996-2-2,idcard269,add269,10269,,2
270,name_test270,女,hr,1996-2-3,idcard270,add270,10270,,3
271,name_test271,女,开发工程师,1996-2-4,idcard271,add271,10271,,4
272,name_test272,男,实施工程师,1996-2-5,idcard272,add272,10272,,1
273,name_test273,男,销售经理,1996-2-6,idcard273,add273,10273,,2
274,name_test274,女,hr,1996-2-7,idcard274,add274,10274,,3
275,name_test275,女,开发工程师,1996-2-8,idcard275,add275,10275,,4
276,name_test276,男,实施工程师,1996-2-9,idcard276,add276,10276,,1
277,name_test277,男,销售经理,1950-2-10,idcard277,add277,10277,,2
278,name_test278,女,hr,1950-2-11,idcard278,add278,10278,,3
279,name_test279,女,开发工程师,1950-2-12,idcard279,add279,10279,,4
280,name_test280,男,实施工程师,1950-2-13,idcard280,add280,10280,,1
281,name_test281,男,销售经理,1950-2-14,idcard281,add281,10281,,2
282,name_test282,女,hr,1950-2-15,idcard282,add282,10282,,3
283,name_test283,女,开发工程师,1950-2-16,idcard283,add283,10283,,2
284,name_test284,男,实施工程师,1950-2-17,idcard284,add284,10284,,3
285,name_test285,男,销售经理,1950-2-18,idcard285,add285,10285,,4
286,name_test286,女,hr,1950-2-19,idcard286,add286,10286,,1
287,name_test287,女,开发工程师,1950-2-20,idcard287,add287,10287,,2
288,name_test288,男,实施工程师,1950-2-21,idcard288,add288,10288,,3
289,name_test289,男,销售经理,1950-2-22,idcard289,add289,10289,,4
290,name_test290,女,hr,1950-2-23,idcard290,add290,10290,,1
291,name_test291,女,开发工程师,1950-2-24,idcard291,add291,10291,,2
292,name_test292,男,实施工程师,1950-2-25,idcard292,add292,10292,,3
293,name_test293,男,销售经理,1950-2-26,idcard293,add293,10293,,4
294,name_test294,女,hr,1950-2-27,idcard294,add294,10294,,1
295,name_test295,女,开发工程师,1950-2-28,idcard295,add295,10295,,2
296,name_test296,男,实施工程师,1950-3-1,idcard296,add296,10296,,3
297,name_test297,男,销售经理,1950-3-2,idcard297,add297,10297,,4
298,name_test298,女,hr,1950-3-3,idcard298,add298,10298,,1
299,name_test299,女,开发工程师,1950-3-4,idcard299,add299,10299,,2
300,name_test300,男,实施工程师,1950-3-5,idcard300,add300,10300,,3
301,name_test301,男,销售经理,1950-3-6,idcard301,add301,10301,,4
302,name_test302,女,hr,1950-3-7,idcard302,add302,10302,,1
303,name_test303,女,开发工程师,1950-3-8,idcard303,add303,10303,,2
304,name_test304,男,实施工程师,1950-3-9,idcard304,add304,10304,,3
305,name_test305,男,销售经理,1950-3-10,idcard305,add305,10305,,4
306,name_test306,女,hr,1950-3-11,idcard306,add306,10306,,1
307,name_test307,女,开发工程师,1950-3-12,idcard307,add307,10307,,2
308,name_test308,男,实施工程师,1950-3-13,idcard308,add308,10308,,3
309,name_test309,男,销售经理,1950-3-14,idcard309,add309,10309,,4
310,name_test310,女,hr,1950-3-15,idcard310,add310,10310,,1
311,name_test311,女,开发工程师,1950-3-16,idcard311,add311,10311,,2
312,name_test312,男,实施工程师,1950-3-17,idcard312,add312,10312,,3
313,name_test313,男,销售经理,1950-3-18,idcard313,add313,10313,,4
314,name_test314,女,hr,1950-3-19,idcard314,add314,10314,,1
315,name_test315,女,开发工程师,1950-3-20,idcard315,add315,10315,,2
316,name_test316,男,实施工程师,1950-3-21,idcard316,add316,10316,,3
317,name_test317,男,销售经理,1950-3-22,idcard317,add317,10317,,4
318,name_test318,女,hr,1950-3-23,idcard318,add318,10318,,1
319,name_test319,女,开发工程师,1950-3-24,idcard319,add319,10319,,2
320,name_test320,男,实施工程师,1950-3-25,idcard320,add320,10320,,3
321,name_test321,男,销售经理,1950-3-26,idcard321,add321,10321,,4
322,name_test322,女,hr,1950-3-27,idcard322,add322,10322,,1
323,name_test323,女,实施工程师,1950-3-28,idcard323,add323,10323,,2
324,name_test324,男,销售经理,1950-3-29,idcard324,add324,10324,,3
325,name_test325,男,hr,1950-3-30,idcard325,add325,10325,,4
326,name_test326,女,开发工程师,1950-3-31,idcard326,add326,10326,,1
327,name_test327,女,实施工程师,1950-4-1,idcard327,add327,10327,,2
328,name_test328,男,销售经理,1950-4-2,idcard328,add328,10328,,3
329,name_test329,男,hr,1950-4-3,idcard329,add329,10329,,4
330,name_test330,女,开发工程师,1950-4-4,idcard330,add330,10330,,1
331,name_test331,女,实施工程师,1950-4-5,idcard331,add331,10331,,2
332,name_test332,男,销售经理,1950-4-6,idcard332,add332,10332,,3
333,name_test333,男,hr,1950-4-7,idcard333,add333,10333,,4
334,name_test334,女,开发工程师,1950-4-8,idcard334,add334,10334,,1
335,name_test335,女,实施工程师,1950-4-9,idcard335,add335,10335,,2
336,name_test336,男,销售经理,1950-4-10,idcard336,add336,10336,,3
337,name_test337,男,hr,1950-4-11,idcard337,add337,10337,,4
338,name_test338,女,开发工程师,1950-4-12,idcard338,add338,10338,,1
339,name_test339,女,实施工程师,1950-4-13,idcard339,add339,10339,,2
340,name_test340,男,销售经理,1950-4-14,idcard340,add340,10340,,3
341,name_test341,男,hr,1950-4-15,idcard341,add341,10341,,4
342,name_test342,女,开发工程师,1950-4-16,idcard342,add342,10342,,1
343,name_test343,女,实施工程师,1950-4-17,idcard343,add343,10343,,2
344,name_test344,男,销售经理,1950-4-18,idcard344,add344,10344,,3
345,name_test345,男,hr,1950-4-19,idcard345,add345,10345,,4
346,name_test346,女,开发工程师,1950-4-20,idcard346,add346,10346,,1
347,name_test347,女,实施工程师,1950-4-21,idcard347,add347,10347,,2
348,name_test348,男,销售经理,1950-4-22,idcard348,add348,10348,,3
349,name_test349,男,hr,1950-4-23,idcard349,add349,10349,,4
350,name_test350,女,开发工程师,1950-4-24,idcard350,add350,10350,,1
351,name_test351,女,实施工程师,1950-4-25,idcard351,add351,10351,,2
352,name_test352,男,销售经理,1950-4-26,idcard352,add352,10352,,3
353,name_test353,男,hr,1950-4-27,idcard353,add353,10353,,2
354,name_test354,女,开发工程师,1950-4-28,idcard354,add354,10354,,3
355,name_test355,女,实施工程师,1950-4-29,idcard355,add355,10355,,4
356,name_test356,女,销售经理,1950-4-30,idcard356,add356,10356,,1
357,name_test357,男,hr,1950-5-1,idcard357,add357,10357,,2
358,name_test358,男,开发工程师,1950-5-2,idcard358,add358,10358,,3
359,name_test359,女,实施工程师,1950-5-3,idcard359,add359,10359,,4
360,name_test360,女,销售经理,1950-5-4,idcard360,add360,10360,,1
361,name_test361,男,hr,1950-5-5,idcard361,add361,10361,,2
362,name_test362,男,开发工程师,1950-5-6,idcard362,add362,10362,,3
363,name_test363,女,实施工程师,1950-5-7,idcard363,add363,10363,,4
364,name_test364,女,销售经理,1950-5-8,idcard364,add364,10364,,1
365,name_test365,男,hr,1950-5-9,idcard365,add365,10365,,2
366,name_test366,男,开发工程师,1950-5-10,idcard366,add366,10366,,3
367,name_test367,女,实施工程师,1950-5-11,idcard367,add367,10367,,4
368,name_test368,女,销售经理,1950-5-12,idcard368,add368,10368,,1
369,name_test369,男,hr,1950-5-13,idcard369,add369,10369,,2
370,name_test370,男,开发工程师,1950-5-14,idcard370,add370,10370,,3
371,name_test371,女,实施工程师,1950-5-15,idcard371,add371,10371,,4
372,name_test372,女,销售经理,1950-5-16,idcard372,add372,10372,,1
373,name_test373,男,hr,1950-5-17,idcard373,add373,10373,,2
374,name_test374,男,开发工程师,1950-5-18,idcard374,add374,10374,,3
375,name_test375,女,实施工程师,1950-5-19,idcard375,add375,10375,,4
376,name_test376,女,销售经理,1950-5-20,idcard376,add376,10376,,1
377,name_test377,男,hr,1950-5-21,idcard377,add377,10377,,2
378,name_test378,男,开发工程师,1950-5-22,idcard378,add378,10378,,3
379,name_test379,女,实施工程师,1950-5-23,idcard379,add379,10379,,4
380,name_test380,女,销售经理,1950-5-24,idcard380,add380,10380,,1
381,name_test381,男,hr,1950-5-25,idcard381,add381,10381,,2
382,name_test382,男,开发工程师,1950-5-26,idcard382,add382,10382,,3
383,name_test383,女,实施工程师,1950-5-27,idcard383,add383,10383,,4
384,name_test384,女,销售经理,1950-5-28,idcard384,add384,10384,,1
385,name_test385,男,hr,1950-5-29,idcard385,add385,10385,,2
386,name_test386,男,开发工程师,1950-5-30,idcard386,add386,10386,,3
387,name_test387,女,实施工程师,1950-5-31,idcard387,add387,10387,,4
388,name_test388,女,销售经理,1950-6-1,idcard388,add388,10388,,1
389,name_test389,男,hr,1950-6-2,idcard389,add389,10389,,2
390,name_test390,男,开发工程师,1950-6-3,idcard390,add390,10390,,3
391,name_test391,女,实施工程师,1950-6-4,idcard391,add391,10391,,4
392,name_test392,女,销售经理,1950-6-5,idcard392,add392,10392,,1
393,name_test393,男,hr,1950-6-6,idcard393,add393,10393,,2
394,name_test394,男,开发工程师,1950-6-7,idcard394,add394,10394,,3
395,name_test395,女,实施工程师,1950-6-8,idcard395,add395,10395,,4
396,name_test396,女,销售经理,1950-6-9,idcard396,add396,10396,,1
397,name_test397,男,hr,1950-6-10,idcard397,add397,10397,,2
398,name_test398,男,开发工程师,1950-6-11,idcard398,add398,10398,,3
399,name_test399,女,实施工程师,1950-6-12,idcard399,add399,10399,,4
400,name_test400,女,销售经理,1950-6-13,idcard400,add400,10400,,1
401,name_test401,男,hr,1950-6-14,idcard401,add401,10401,,2
402,name_test402,男,开发工程师,1950-6-15,idcard402,add402,10402,,3
403,name_test403,女,实施工程师,1950-6-16,idcard403,add403,10403,,4
404,name_test404,女,销售经理,1950-6-17,idcard404,add404,10404,,1
405,name_test405,男,hr,1950-6-18,idcard405,add405,10405,,2
406,name_test406,男,开发工程师,1950-6-19,idcard406,add406,10406,,3
407,name_test407,女,实施工程师,1950-6-20,idcard407,add407,10407,,4
408,name_test408,女,销售经理,1950-6-21,idcard408,add408,10408,,1
409,name_test409,男,hr,1950-6-22,idcard409,add409,10409,,2
410,name_test410,男,开发工程师,1950-6-23,idcard410,add410,10410,,3
411,name_test411,女,实施工程师,1950-6-24,idcard411,add411,10411,,4
412,name_test412,女,销售经理,1950-6-25,idcard412,add412,10412,,1
413,name_test413,男,hr,1950-6-26,idcard413,add413,10413,,2
414,name_test414,男,开发工程师,1950-6-27,idcard414,add414,10414,,3
415,name_test415,女,实施工程师,1950-6-28,idcard415,add415,10415,,4
416,name_test416,女,销售经理,1950-6-29,idcard416,add416,10416,,1
417,name_test417,男,hr,1950-6-30,idcard417,add417,10417,,2
418,name_test418,男,开发工程师,1950-7-1,idcard418,add418,10418,,3
419,name_test419,女,实施工程师,1950-7-2,idcard419,add419,10419,,4
420,name_test420,女,销售经理,1950-7-3,idcard420,add420,10420,,1
421,name_test421,男,hr,1950-7-4,idcard421,add421,10421,,2
422,name_test422,男,开发工程师,1950-7-5,idcard422,add422,10422,,3
423,name_test423,女,实施工程师,1950-7-6,idcard423,add423,10423,,2
424,name_test424,女,销售经理,1950-7-7,idcard424,add424,10424,,3
425,name_test425,男,hr,1950-7-8,idcard425,add425,10425,,4
426,name_test426,男,开发工程师,1950-7-9,idcard426,add426,10426,,1
427,name_test427,女,实施工程师,1950-7-10,idcard427,add427,10427,,2
428,name_test428,女,销售经理,1950-7-11,idcard428,add428,10428,,3
429,name_test429,男,hr,1950-7-12,idcard429,add429,10429,,4
430,name_test430,男,实施工程师,1950-7-13,idcard430,add430,10430,,1
431,name_test431,女,销售经理,1950-7-14,idcard431,add431,10431,,2
432,name_test432,女,hr,1950-7-15,idcard432,add432,10432,,3
433,name_test433,男,开发工程师,1950-7-16,idcard433,add433,10433,,4
434,name_test434,男,实施工程师,1950-7-17,idcard434,add434,10434,,1
435,name_test435,女,销售经理,1950-7-18,idcard435,add435,10435,,2
436,name_test436,女,hr,1950-7-19,idcard436,add436,10436,,3
437,name_test437,男,开发工程师,1950-7-20,idcard437,add437,10437,,4
438,name_test438,男,实施工程师,1950-7-21,idcard438,add438,10438,,1
439,name_test439,女,销售经理,1950-7-22,idcard439,add439,10439,,2
440,name_test440,女,hr,1950-7-23,idcard440,add440,10440,,3
441,name_test441,男,开发工程师,1950-7-24,idcard441,add441,10441,,4
442,name_test442,男,实施工程师,1950-7-25,idcard442,add442,10442,,1
443,name_test443,女,销售经理,1950-7-26,idcard443,add443,10443,,2
444,name_test444,女,hr,1950-7-27,idcard444,add444,10444,,3
445,name_test445,男,开发工程师,1950-7-28,idcard445,add445,10445,,4
446,name_test446,男,实施工程师,1950-7-29,idcard446,add446,10446,,1
447,name_test447,女,销售经理,1950-7-30,idcard447,add447,10447,,2
448,name_test448,女,hr,1950-7-31,idcard448,add448,10448,,3
449,name_test449,男,开发工程师,1950-8-1,idcard449,add449,10449,,4
450,name_test450,男,实施工程师,1950-8-2,idcard450,add450,10450,,1
451,name_test451,女,销售经理,1950-8-3,idcard451,add451,10451,,2
452,name_test452,女,hr,1950-8-4,idcard452,add452,10452,,3
453,name_test453,男,开发工程师,1950-8-5,idcard453,add453,10453,,4
454,name_test454,男,实施工程师,1950-8-6,idcard454,add454,10454,,1
455,name_test455,女,销售经理,1950-8-7,idcard455,add455,10455,,2
456,name_test456,女,hr,1950-8-8,idcard456,add456,10456,,3
457,name_test457,男,开发工程师,1950-8-9,idcard457,add457,10457,,4
458,name_test458,男,实施工程师,1950-8-10,idcard458,add458,10458,,1
459,name_test459,女,销售经理,1950-8-11,idcard459,add459,10459,,2
460,name_test460,女,hr,1950-8-12,idcard460,add460,10460,,3
461,name_test461,男,开发工程师,1950-8-13,idcard461,add461,10461,,4
462,name_test462,男,实施工程师,1950-8-14,idcard462,add462,10462,,1
463,name_test463,女,销售经理,1950-8-15,idcard463,add463,10463,,2
464,name_test464,女,hr,1950-8-16,idcard464,add464,10464,,3
465,name_test465,男,开发工程师,1950-8-17,idcard465,add465,10465,,4
466,name_test466,男,实施工程师,1950-8-18,idcard466,add466,10466,,1
467,name_test467,女,销售经理,1950-8-19,idcard467,add467,10467,,2
468,name_test468,女,hr,1950-8-20,idcard468,add468,10468,,3
469,name_test469,男,开发工程师,1950-8-21,idcard469,add469,10469,,4
470,name_test470,男,实施工程师,1950-8-22,idcard470,add470,10470,,1
471,name_test471,女,销售经理,1950-8-23,idcard471,add471,10471,,2
472,name_test472,女,hr,1950-8-24,idcard472,add472,10472,,3
473,name_test473,女,开发工程师,1950-8-25,idcard473,add473,10473,,4
474,name_test474,男,实施工程师,1950-8-26,idcard474,add474,10474,,1
475,name_test475,男,销售经理,1950-8-27,idcard475,add475,10475,,2
476,name_test476,女,hr,1950-8-28,idcard476,add476,10476,,3
477,name_test477,女,开发工程师,1950-8-29,idcard477,add477,10477,,4
478,name_test478,男,实施工程师,1950-8-30,idcard478,add478,10478,,1
479,name_test479,男,销售经理,1950-8-31,idcard479,add479,10479,,2
480,name_test480,女,hr,1950-9-1,idcard480,add480,10480,,3
481,name_test481,女,开发工程师,1950-9-2,idcard481,add481,10481,,4
482,name_test482,男,实施工程师,1950-9-3,idcard482,add482,10482,,1
483,name_test483,男,销售经理,1950-9-4,idcard483,add483,10483,,2
484,name_test484,女,hr,1950-9-5,idcard484,add484,10484,,3
485,name_test485,女,开发工程师,1950-9-6,idcard485,add485,10485,,4
486,name_test486,男,实施工程师,1950-9-7,idcard486,add486,10486,,1
487,name_test487,男,销售经理,1950-9-8,idcard487,add487,10487,,2
488,name_test488,女,hr,1950-9-9,idcard488,add488,10488,,3
489,name_test489,女,开发工程师,1950-9-10,idcard489,add489,10489,,4
490,name_test490,男,实施工程师,1950-9-11,idcard490,add490,10490,,1
491,name_test491,男,销售经理,1950-9-12,idcard491,add491,10491,,2
492,name_test492,女,hr,1950-9-13,idcard492,add492,10492,,3
493,name_test493,女,开发工程师,1950-9-14,idcard493,add493,10493,,2
494,name_test494,男,实施工程师,1950-9-15,idcard494,add494,10494,,3
495,name_test495,男,销售经理,1950-9-16,idcard495,add495,10495,,4
496,name_test496,女,hr,2001-9-17,idcard496,add496,10496,,1
497,name_test497,女,开发工程师,2001-9-18,idcard497,add497,10497,,2
498,name_test498,男,实施工程师,2001-9-19,idcard498,add498,10498,,3
499,name_test499,男,销售经理,2001-9-20,idcard499,add499,10499,,4
500,name_test500,女,hr,2001-9-21,idcard500,add500,10500,,1
501,name_test501,女,开发工程师,2001-9-22,idcard501,add501,10501,,2
502,name_test502,男,实施工程师,2001-9-23,idcard502,add502,10502,,3
503,name_test503,男,销售经理,2001-9-24,idcard503,add503,10503,,4
504,name_test504,女,hr,2001-9-25,idcard504,add504,10504,,1
505,name_test505,女,开发工程师,2001-9-26,idcard505,add505,10505,,2
506,name_test506,男,实施工程师,2001-9-27,idcard506,add506,10506,,3
507,name_test507,男,销售经理,2001-9-28,idcard507,add507,10507,,4
508,name_test508,女,hr,2001-9-29,idcard508,add508,10508,,1
509,name_test509,女,开发工程师,2001-9-30,idcard509,add509,10509,,2
510,name_test510,男,实施工程师,2001-10-1,idcard510,add510,10510,,3
511,name_test511,男,销售经理,2001-10-2,idcard511,add511,10511,,4
512,name_test512,女,hr,2001-10-3,idcard512,add512,10512,,1
513,name_test513,女,开发工程师,2001-10-4,idcard513,add513,10513,,2
514,name_test514,男,实施工程师,2001-10-5,idcard514,add514,10514,,3
515,name_test515,男,销售经理,2001-10-6,idcard515,add515,10515,,4
516,name_test516,女,hr,2001-10-7,idcard516,add516,10516,,1
517,name_test517,女,开发工程师,2001-10-8,idcard517,add517,10517,,2
518,name_test518,男,实施工程师,2001-10-9,idcard518,add518,10518,,3
519,name_test519,男,销售经理,2001-10-10,idcard519,add519,10519,,4
520,name_test520,女,hr,2001-10-11,idcard520,add520,10520,,1
521,name_test521,女,开发工程师,2001-10-12,idcard521,add521,10521,,2
522,name_test522,男,实施工程师,2001-10-13,idcard522,add522,10522,,3
523,name_test523,男,销售经理,2001-10-14,idcard523,add523,10523,,4
524,name_test524,女,hr,2001-10-15,idcard524,add524,10524,,1
525,name_test525,女,开发工程师,2001-10-16,idcard525,add525,10525,,2
526,name_test526,男,实施工程师,2001-10-17,idcard526,add526,10526,,3
527,name_test527,男,销售经理,2001-10-18,idcard527,add527,10527,,4
528,name_test528,女,hr,2001-10-19,idcard528,add528,10528,,1
529,name_test529,女,开发工程师,1950-10-20,idcard529,add529,10529,,2
530,name_test530,男,实施工程师,1950-10-21,idcard530,add530,10530,,3
531,name_test531,男,销售经理,1950-10-22,idcard531,add531,10531,,4
532,name_test532,女,hr,1950-10-23,idcard532,add532,10532,,1
533,name_test533,女,开发工程师,1950-10-24,idcard533,add533,10533,,2
534,name_test534,男,实施工程师,1950-10-25,idcard534,add534,10534,,3
535,name_test535,男,销售经理,1950-10-26,idcard535,add535,10535,,4
536,name_test536,女,hr,1950-10-27,idcard536,add536,10536,,1
537,name_test537,女,实施工程师,1950-10-28,idcard537,add537,10537,,2
538,name_test538,男,销售经理,1950-10-29,idcard538,add538,10538,,3
539,name_test539,男,hr,1950-10-30,idcard539,add539,10539,,4
